{"cameraMode":{"drawMode":0,"name":"Shaded","section":"Shading Mode"},"sceneLighting":false,"audioPlay":false,"sceneViewState":{"showFog":true,"showMaterialUpdate":false,"showSkybox":false,"showFlares":true,"showImageEffects":true,"showParticleSystems":true},"in2DMode":false,"pivot":{"x":768.0235595703125,"y":592.099609375,"z":-110.80892944335938},"rotation":{"x":-0.0086235161870718,"y":0.9913737177848816,"z":-0.09127429872751236,"w":-0.0936637818813324},"size":333.6918640136719,"orthographic":false}